media_id,creation_date,caption,comments_count,like_count,views,shares,comments_downloaded,timestamp
7139846435318549766,2022-09-05,BENTORNATA A CASA❣️,109,45300,521300,319,1,2022-09-05
7140665802436463878,2022-09-07,E di nuovo tempo di Zucca! ,95,22100,330200,231,1,2022-09-07
7142831623606684933,2022-09-13,#perte #fotofunny #cie  perte #fotofunny #cie,37,8347,134100,36,1,2022-09-13
7143242610579131654,2022-09-14,Climbing #perte perte,20,4807,59700,41,1,2022-09-14
7146224398683409670,2022-09-22,camihawke's short video with ♬ suono originale,28,7865,78000,42,1,2022-09-22
7146563371653975302,2022-09-23,camihawke's short video with ♬ suono originale,44,4856,66900,106,1,2022-09-23
7148169225864039685,2022-09-27,Delirio serale,14,1844,37100,5,1,2022-09-27
7148467812292480261,2022-09-28,A caso,23,4685,70000,29,1,2022-09-28
7151732077291998469,2022-10-07,#asmr #asmrsounds #asmrvideo asmr #asmrsounds #asmrvideo,9,2413,65900,2,1,2022-10-07
7153552906153692422,2022-10-12,#unboxing #memories #perte unboxing #memories #perte,100,8825,124300,123,1,2022-10-12
7161492433354640646,2022-11-02,Non so giocare,93,13200,222000,56,1,2022-11-02
7161496047368359173,2022-11-02,Non gioco più,122,51600,565300,152,1,2022-11-02
7161503159469313285,2022-11-02,camihawke's short video with ♬ suono originale,57,17200,280400,47,1,2022-11-02
7163649531660209414,2022-11-08,camihawke's short video with ♬ suono originale,44,15600,173500,103,1,2022-11-08
7164035469775326470,2022-11-09,camihawke's short video with ♬ original sound,15,3246,122600,7,1,2022-11-09
7164078116695215366,2022-11-09,camihawke's short video with ♬ suono originale,64,37700,642200,54,1,2022-11-09
7165113426543480069,2022-11-12,camihawke's short video with ♬ suono originale,16,6862,84300,18,1,2022-11-12
7166267315544247558,2022-11-15,"Trovi tutte le puntate sul canale Youtube di Il mondo di Aletheia. See you there, Luthien. #dungeonsanddragons #game #wildmagicsorcerer dungeonsanddragons #game #wildmagicsorcerer",9,5547,71000,99,1,2022-11-15
7166301209064639750,2022-11-15,camihawke's short video with ♬ suono originale,12,3185,48800,33,1,2022-11-15
7167059292879621381,2022-11-17,camihawke's short video with ♬ suono originale,115,20000,268100,985,1,2022-11-17
7168890867657346310,2022-11-22,camihawke's short video with ♬ suono originale,28400,4300000,26200000,138000,1,2022-11-22
7172129184188271878,2022-12-01,Ig: camihawke ,4,3483,81900,24,1,2022-12-01
7172537514559884550,2022-12-02,camihawke's short video with ♬ suono originale,10,9024,198300,26,1,2022-12-02
7172867327640276229,2022-12-03,#perte #albertoangela perte #albertoangela,41,14100,143200,314,1,2022-12-03
7173680062477176069,2022-12-05,https://wemakeup.it/lCP @We Make-up  ,7,976,30200,12,1,2022-12-05
7174339797501119749,2022-12-07,#untouchable untouchable,4,2354,56000,8,1,2022-12-07
7175199814504779013,2022-12-09,#perte #piccolairisperte #piccolairis,14,6042,85000,6,1,2022-12-09
7175574052696853765,2022-12-10,#bts #dynamite  bts #dynamite,43,11500,154500,70,1,2022-12-10
7177289324075961606,2022-12-15,#wednesday #dancewithyourhands #dancedancedance #perte #ladygaga wednesday #dancewithyourhands #dancedancedance #perte #ladygaga,96,29300,250300,708,1,2022-12-15
7178093614172605702,2022-12-17,camihawke's short video with ♬ suono originale,27,3934,51500,29,1,2022-12-17
7178574870417083653,2022-12-18,camihawke's short video with ♬ suono originale,12,2575,52900,12,1,2022-12-18
7179190690578976006,2022-12-20,Backstage,41,32000,289400,336,1,2022-12-20
7179972684963499270,2022-12-22,#perte #herewithme perte #herewithme,18,4071,75100,22,1,2022-12-22
7182903707674168582,2022-12-30,#perte #tr perte #tr,73,25200,316300,234,1,2022-12-30
7183342763746888966,2022-12-31,#boattrend boattrend,10,2185,38700,17,1,2022-12-31
7184374225891757318,2023-01-03,#goodintentions #2023 goodintentions #2023,3,1767,36300,11,1,2023-01-03
7185127971294858501,2023-01-05,camihawke's short video with ♬ suono originale,16,8926,126500,20,1,2023-01-05
7185172701441527046,2023-01-05,Chiaro? ,48,14900,150200,268,1,2023-01-05
7185893416998276358,2023-01-07,camihawke's short video with ♬ suono originale,32,7722,75000,11,1,2023-01-07
7186245278691888390,2023-01-08,camihawke's short video with ♬ suono originale,21,6590,76800,103,1,2023-01-08
7186992248570137862,2023-01-10,camihawke's short video with ♬ suono originale,2,1832,33000,3,1,2023-01-10
7187392438179204358,2023-01-11,Ig camihawke,7,1518,39300,2,1,2023-01-11
7187407742494084358,2023-01-11,camihawke's short video with ♬ suono originale,280,22300,314400,275,1,2023-01-11
7191100704914738438,2023-01-21,#look #transitionlook #glamour #glamour look #transitionlook #glamour #glamour,23,3752,45800,13,1,2023-01-21
7191849490045734149,2023-01-23,Ig camihawke ,21,15000,322400,53,1,2023-01-23
7192933283288632582,2023-01-26,Preparo hennè Tutti i passatfi: Ig camihawke ,45,4766,158100,14,1,2023-01-26
7194809880312614149,2023-01-31,Un appello. ,94,35100,375900,329,1,2023-01-31
7195229732789685509,2023-02-01,Ig camihawke,3,2149,32600,7,1,2023-02-01
7195603553686244613,2023-02-02,camihawke's short video with ♬ Monkeys Spinning Monkeys,9,1829,38300,25,1,2023-02-02
7195894989996494085,2023-02-03,Il nostro podcast lo trovate su Spotify: “tutte le volte che”,194,54300,888800,897,1,2023-02-03
7196275313033137414,2023-02-04,Alice non capisce cosa vuol dire alzare tutto di un tono,6,2915,54900,6,1,2023-02-04
7196669569191136517,2023-02-05,#happybirthdayAlice happybirthdayalice,4,1105,29900,1,1,2023-02-05
7197021095671713030,2023-02-06,IO PIENA ,9,2193,41100,33,1,2023-02-06
7197119829738835205,2023-02-06,Controllo vestibilità giorno 1,131,17900,163800,72,1,2023-02-06
7197872767474126086,2023-02-08,Controllo vestibilità giorno 3 #sanremo2023 sanremo2023,29,7129,111800,23,1,2023-02-08
7198541597506538757,2023-02-10,Noi innamorate. #sanremo2023 sanremo2023,32,3885,137500,58,1,2023-02-10
7198575028240174342,2023-02-10,Controllo vestibilità #sanremo2023 sanremo2023,40,5414,99500,21,1,2023-02-10
7198999877467114757,2023-02-11,Controllo vestibilità #sanremo2023 sanremo2023,31,7611,127400,29,1,2023-02-11
7199288759945334022,2023-02-12,Stanchezza:  #sanremo2023 sanremo2023,12,2031,53900,8,1,2023-02-12
7199959505621241093,2023-02-14,#tuttelevolteche #sanremo2023 tuttelevolteche #sanremo2023,6,6338,119000,15,1,2023-02-14
7200713696870534406,2023-02-16,Ig camihawke,56,23000,221900,782,1,2023-02-16
7202581379631140101,2023-02-21,Doccia mattina = serial killer,605,88700,764700,1165,1,2023-02-21
7205189489449323781,2023-02-28,camihawke's short video with ♬ suono originale,541,153000,1600000,3076,1,2023-02-28
7206314294881881350,2023-03-03,camihawke's short video with ♬ suono originale,84,24400,296600,150,1,2023-03-03
7206682131404311813,2023-03-04,Ig camihawke,9,2246,34900,5,1,2023-03-04
7207741909857520902,2023-03-07,#hogwartslegacy hogwartslegacy,2,447,21200,2,1,2023-03-07
7208209039807843590,2023-03-08,#asmr asmr,17,3870,56000,1,1,2023-03-08
7210028892424359173,2023-03-13,#storytime storytime,567,65000,667800,1041,1,2023-03-13
7210685368310484229,2023-03-15,Ig camihawke,105,28300,323700,188,1,2023-03-15
7213703227727023366,2023-03-23,Ig camihawke,65,29700,284700,102,1,2023-03-23
7215206960461925637,2023-03-27,camihawke's short video with ♬ suono originale,9,2290,43400,4,1,2023-03-27
7215590375161990427,2023-03-28,Mia figlia sarà giapponese ,13,4233,149100,6,1,2023-03-28
7216255768000040219,2023-03-30,Ig camihawke,13,2242,40200,5,1,2023-03-30
7216400170303393051,2023-03-30,camihawke's short video with ♬ suono originale,1,788,25800,6,1,2023-03-30
7217885985000951066,2023-04-03,#medievaltiktok #medieval #transition medievaltiktok #medieval #transition,15,2816,40800,8,1,2023-04-03
7218913296630484251,2023-04-06,camihawke's short video with ♬ suono originale,7049,3200000,43500000,223100,1,2023-04-06
7221610679873146138,2023-04-13,Chiedo,197,15100,237300,186,1,2023-04-13
7221612066975616283,2023-04-13,camihawke's short video with ♬ suono originale,25,11200,116400,301,1,2023-04-13
7222343018769173787,2023-04-15,camihawke's short video with ♬ suono originale,7,1443,32300,6,1,2023-04-15
7222345884342816027,2023-04-15,camihawke's short video with ♬ suono originale,17,1015,27900,6,1,2023-04-15
7223740277805059354,2023-04-19,#transitionlook #transition #glamour transitionlook #transition #glamour,3,1286,29900,2,1,2023-04-19
7225550167552953626,2023-04-24,camihawke's short video with ♬ suono originale,18,1371,34000,20,1,2023-04-24
7229275666598939930,2023-05-04,A facc nderr  ig: camihawke,90,34800,646500,1472,1,2023-05-04
7230493617788407066,2023-05-07,#dontdoit dontdoit,16,6110,82800,21,1,2023-05-07
7230774457848155419,2023-05-08,Mantra. ,14,3272,51800,58,1,2023-05-08
7231514784124898587,2023-05-10,#couple couple,3,1709,39600,25,1,2023-05-10
7234825198912965915,2023-05-19,camihawke's short video with ♬ suono originale,157,53000,462200,1145,1,2023-05-19
7236382865150283035,2023-05-23,camihawke's short video with ♬ suono originale,33,8549,74200,87,1,2023-05-23
7237015554761051418,2023-05-25,camihawke's short video with ♬ suono originale,9,1864,29800,0,1,2023-05-25
7238895108739927323,2023-05-30,camihawke's short video with ♬ suono originale,229,15000,259900,223,1,2023-05-30
7240022793558002971,2023-06-02,#asmr #noodles  asmr #noodles,18,2646,62100,12,1,2023-06-02
7241906515802656027,2023-06-07,#asmr #noodles #mukbang  asmr #noodles #mukbang,94,15100,242200,83,1,2023-06-07
7244542309281451291,2023-06-14,Non può piovere per sempre.  Cit,214,45200,489200,2761,1,2023-06-14
7249657891924249882,2023-06-28,camihawke's short video with ♬ suono originale,21,7593,108700,16,1,2023-06-28
7253066968851352858,2023-07-07,Una domanda ,65,2588,41500,12,1,2023-07-07
7253119210321104155,2023-07-07,#greenscreen greenscreen,10,6941,93400,6,1,2023-07-07
7257833918219504923,2023-07-20,camihawke's short video with ♬ suono originale,137,24200,200200,231,1,2023-07-20
7258315918739049754,2023-07-21,Makeup tutorial,1107,120900,1200000,3054,1,2023-07-21
7259774831946714395,2023-07-25,"Il tuffo 1952, il mio nuovo film. ",59,15400,119300,107,1,2023-07-25
7264606742976204064,2023-08-07,Oggi è stato bello,3,1059,17300,3,1,2023-08-07
7264618628505472289,2023-08-07,Safari:,4,1613,21100,5,1,2023-08-07
7265381217036422433,2023-08-09,Oggi ho filmato questo. ,3,799,11500,1,1,2023-08-09
7271688568899128609,2023-08-26,"2770 likes, 3 comments. “Ferrata = scorciat✅oia”",3,2770,37000,22,1,2023-08-26
7272418138103270689,2023-08-28,"3536 likes, 73 comments. “Conrad= malessere”",73,3536,49400,145,1,2023-08-28
7273511475736530209,2023-08-31,"6124 likes, 61 comments. “#venezia80 ”venezia80",61,6124,66400,15,1,2023-08-31
7274634596237593888,2023-09-03,"13K likes, 49 comments. “Ricetta hummus al volo ”",49,13000,204200,88,1,2023-09-03
7275720322932919584,2023-09-06,Check out camihawke's video.,1,1986,42500,2,1,2023-09-06
7277571508132662561,2023-09-11,"73.5K likes, 427 comments. Check out camihawke's video.",427,73500,707600,2289,1,2023-09-11
7279725274076433696,2023-09-17,"8322 likes, 47 comments. Check out camihawke's video.",47,8322,76200,92,1,2023-09-17
7279795988359826721,2023-09-17,"4344 likes, 7 comments. “Onlyfam ”",7,4344,70100,5,1,2023-09-17
7286802587704151329,2023-10-06,"25.7K likes, 61 comments. “#agostodump #myyearbook #yearbook ”agostodump #myyearbook #yearbook",61,25700,731000,108,1,2023-10-06
7290160279113993504,2023-10-15,"14.2K likes, 33 comments. “#framartinocampanaro #sing #canone ”framartinocampanaro #sing #canone",33,14200,138200,75,1,2023-10-15
7292352200209091872,2023-10-21,"28K likes, 130 comments. “Sacchetti per fare le valigie”howto #packing",130,28000,318900,532,1,2023-10-21
7296078092219501856,2023-10-31,"9001 likes, 36 comments. “#makeup #getreadywithme ”makeup #getreadywithme",36,9001,187700,40,1,2023-10-31
7297260564328271137,2023-11-03,"36K likes, 82 comments. “#cookies #ricetta ”cookies #ricetta",82,36000,361800,280,1,2023-11-03
7300584697770429729,2023-11-12,"4385 likes, 17 comments. “#larp #harrypotter ”larp #harrypotter",17,4385,41200,6,1,2023-11-12
7302478219167517985,2023-11-17,"1517 likes, 12 comments. “2018❤️”",12,1517,19100,3,1,2023-11-17
7303115095758867745,2023-11-19,"1154 likes, 11 comments. “#harrypotter #larp #larping ”harrypotter #larp #larping",11,1154,12100,0,1,2023-11-19
7309887600058289441,2023-12-07,no_caption,102,9135,116400,81,1,2023-12-07
7313924398715538720,2023-12-18,#riflessione ,32,4254,84800,81,1,2023-12-18
7314239084782783777,2023-12-19,Gli amici veri ti fanno i video belli senza che tu glieli chieda. ,6,3175,46100,6,1,2023-12-19
7319498873989352736,2024-01-02,"6300 likes, 50 comments. “#aifilter ”aifilter",50,6300,525900,38,1,2024-01-02
7319965587613011232,2024-01-03,"6378 likes, 85 comments. “A posto grz”",85,6378,240100,38,1,2024-01-03
7320195471664794913,2024-01-04,"8562 likes, 144 comments. “#sinestesia #frescodizona ”sinestesia #frescodizona",144,8562,139400,179,1,2024-01-04
7320991233373981985,2024-01-06,"930 likes, 8 comments. “Mia nonna non crede di avere 93 anni”",8,930,14300,0,1,2024-01-06
7322549711414807840,2024-01-10,"1095 likes, 12 comments. “Ah quindi negli anni 70 ero Blair Waldorf”aifilter",12,1095,36900,1,1,2024-01-10
7322791585006112032,2024-01-11,"897 likes, 2 comments. “#booktok #lultimacosabellasullafacciadellaterra ”booktok #lultimacosabellasullafacciadellaterra",2,897,23200,3,1,2024-01-11
7325405263803075872,2024-01-18,"4154 likes, 11 comments. “My life ”",11,4154,59100,49,1,2024-01-18
7327255652378742048,2024-01-23,"19.2K likes, 122 comments. “#booknook ”booknook",122,19200,238100,599,1,2024-01-23
7329231394243235105,2024-01-28,"2603 likes, 64 comments. “#hennè #lawsonia ”hennè #lawsonia",64,2603,83100,28,1,2024-01-28
7335489526678195488,2024-02-14,"20.5K likes, 72 comments. “#sanvalentino ”sanvalentino",72,20548,238590,219,1,2024-02-14
7338125501657124128,2024-02-21,"20.8K likes, 213 comments. Check out camihawke’s video.",213,20815,276265,818,1,2024-02-21
7342202840703683872,2024-03-03,"761 likes, 5 comments. “#tour ”tour",5,761,27552,3,1,2024-03-03
7346633340302232865,2024-03-15,"1146 likes, 8 comments. “Cheesecake DAILY lipbalm ”",8,1146,46518,7,1,2024-03-15
7349914503175359777,2024-03-24,"2034 likes, 11 comments. “#makeup #teatro #ilsaggiodifineanno ”makeup #teatro #ilsaggiodifineanno",11,2034,77456,13,1,2024-03-24
7363588276567035169,2024-04-30,"93.6K likes, 259 comments. Check out camihawke’s video.",259,93618,1748568,2574,1,2024-04-30
7364400073695857953,2024-05-02,"16K likes, 73 comments. “#makingoff ”makingoff",73,15985,201455,412,1,2024-05-02
7364694317769772321,2024-05-03,"6557 likes, 40 comments. “#CapCut ”capcut",40,6557,546512,82,1,2024-05-03
7369977470881172768,2024-05-17,"61.6K likes, 398 comments. “#secolo #anno ”secolo #anno",398,61573,676083,2623,1,2024-05-17
7371737805623463201,2024-05-22,"5331 likes, 17 comments. “#japan #japantrend ”japan #japantrend",17,5331,90654,78,1,2024-05-22
7373173222084316449,2024-05-26,"2234 likes, 3 comments. “#rakan #japan #otaginenbutsujitemple #trip #trand ”rakan #japan #otaginenbutsujitemple #trip #trand",3,2234,42173,17,1,2024-05-26
7374729072074706208,2024-05-30,"2233 likes, 9 comments. “#mochi #nakatanidou #japan #travel ”mochi #nakatanidou #japan #travel",9,2233,72679,10,1,2024-05-30
7376537910763343136,2024-06-04,"19.7K likes, 25 comments. “#travel #japan #trend ”travel #japan #trend",25,19722,335285,407,1,2024-06-04
7386980153231936801,2024-07-02,"1588 likes, 31 comments. “#grwmProdotti #grwm  Prodotti usati: - Correttore eroborian - eyeliner ombretto: palette camihawke @We Make-up  - mascara Very nero in elastomero wemakeup - matita labbra EVEN banana bread wemakeup - DAILY lip balm cheesecake wemakeup”grwmprodotti #grwm #",31,1588,47350,7,1,2024-07-02
7388891963287735584,2024-07-07,"1653 likes, 11 comments. “#gnome #knights ”gnome #knights",11,1653,38822,16,1,2024-07-07
7389581526884764961,2024-07-09,"17.7K likes, 174 comments. Check out camihawke’s video.",174,17709,473706,346,1,2024-07-09
7394974371497921824,2024-07-23,"125.9K likes, 254 comments. “#favorite ”favorite",254,125903,1253138,3228,1,2024-07-23
7395246943674338592,2024-07-24,"561 likes, 6 comments. “#favorite ”favorite",6,561,9804,22,1,2024-07-24
7397338702508215584,2024-07-30,"835 likes, 5 comments. “#CapCut ”capcut",5,835,19238,3,1,2024-07-30
7397445765674618145,2024-07-30,"12.6K likes, 50 comments. Check out camihawke’s video.",50,12550,255161,445,1,2024-07-30
7397732136968555809,2024-07-31,"52.4K likes, 442 comments. “#crime ”crime",442,52374,495802,2863,1,2024-07-31
7398476044153441569,2024-08-02,"20.6K likes, 69 comments. “#bestplaceto #ranking #classifica ”bestplaceto #ranking #classifica",69,20619,377456,1642,1,2024-08-02
7399976886333426976,2024-08-06,"17.8K likes, 95 comments. Check out camihawke’s video.",95,17841,374304,149,1,2024-08-06
7404152099694497057,2024-08-17,"4305 likes, 11 comments. “#fitcheck ”fitcheck",11,4305,102215,34,1,2024-08-17
7405876739609546017,2024-08-22,"3847 likes, 13 comments. “#book #booktoker #tomorrowx3 ”book #booktoker #tomorrowx3",13,3847,94366,187,1,2024-08-22
7406352465567698208,2024-08-23,"35.2K likes, 84 comments. Check out camihawke’s video.",84,35240,546913,1064,1,2024-08-23
7408200392535772449,2024-08-28,"2928 likes, 32 comments. Check out camihawke’s video.",32,2928,74740,16,1,2024-08-28
7414401813983579425,2024-09-14,"31.1K likes, 162 comments. “Lezione fondamentale”",162,31108,437746,2140,1,2024-09-14
7414501066642853153,2024-09-14,"15.2K likes, 327 comments. “Teoria personalissima”",327,15171,365689,413,1,2024-09-14
7418178910321511713,2024-09-24,"178.7K likes, 2912 comments. Check out camihawke’s video.",2912,178652,1574440,34231,1,2024-09-24
7420439112131300641,2024-09-30,"5719 likes, 50 comments. “Ho paura di me stessa ”",50,5719,149105,892,1,2024-09-30
7423033445674159392,2024-10-07,"23.1K likes, 84 comments. “Una torta molto cioccolato poche pere”",84,23101,267717,492,1,2024-10-07
7426489663596072225,2024-10-16,"3779 likes, 48 comments. “#polpette #meatballs ”polpette #meatballs",48,3779,76189,89,1,2024-10-16
7428256957665938721,2024-10-21,"22.6K likes, 302 comments. “Correva l’anno boh penso 2017 ”",302,22606,349057,509,1,2024-10-21
7434163027601034518,2024-11-06,"88K likes, 490 comments. “#grwm #psicologia  ”grwm #psicologia",490,88002,874518,6331,1,2024-11-06
7449708334761938198,2024-12-18,"15.2K likes, 34 comments. “In ricordo di un’amica e della stilista migliore che io abbia mai conosciuto. Ti abbraccio ❤️”",34,15236,166967,85,1,2024-12-18
7450111142900501783,2024-12-19,"85.2K likes, 544 comments. “#asmr #waxcandy ”asmr #waxcandy",544,85231,722204,2341,1,2024-12-19
7456060098356579606,2025-01-04,"23.6K likes, 62 comments. Check out camihawke’s video.",62,23647,214946,1795,1,2025-01-04
7457163138270563606,2025-01-07,"891 likes, 5 comments. “#nonni #happybirthday ”nonni #happybirthday",5,891,24279,3,1,2025-01-07
7458231731716492566,2025-01-10,"27.3K likes, 128 comments. “#vocali #bf #bff #toxic ”vocali #bf #bff #toxic",128,27255,341254,853,1,2025-01-10
7462421612499963158,2025-01-21,"6002 likes, 23 comments. Check out camihawke’s video.",23,6002,127154,154,1,2025-01-21
7465358317775490306,2025-01-29,"60K likes, 55 comments. Check out camihawke’s video.",55,59961,1754558,897,1,2025-01-29
7466011293598747926,2025-01-31,"28.4K likes, 134 comments. Check out camihawke’s video.",134,28380,516779,563,1,2025-01-31
7466784421387996438,2025-02-02,"19.2K likes, 75 comments. “#circolino #radicalchic ”circolino #radicalchic",75,19243,270364,558,1,2025-02-02
7473867507963677974,2025-02-21,"47.3K likes, 119 comments. “#sound #face #trend”sound #face #trend",119,47325,538786,2221,1,2025-02-21
7478731776236588310,2025-03-06,"5919 likes, 33 comments. Check out camihawke’s video.",33,5919,376614,128,1,2025-03-06
7479093441222167830,2025-03-07,"29.6K likes, 102 comments. “#whatareyoudoing ”whatareyoudoing",102,29596,319296,2505,1,2025-03-07
7485793728909643031,2025-03-25,"1446 likes, 3 comments. “A posto dai ”",3,1446,114508,22,1,2025-03-25
7486484942042565910,2025-03-27,"11.6K likes, 79 comments. Check out camihawke’s video.",79,11598,284612,348,1,2025-03-27
7486837833836023062,2025-03-28,"10.9K likes, 114 comments. “#unghiette #newnailz ”unghiette #newnailz",114,10876,189165,283,1,2025-03-28
7487610001616358678,2025-03-30,"34K likes, 241 comments. “Se diritto privato andasse virale”",241,34020,415718,3370,1,2025-03-30
7488315405916704022,2025-04-01,"79.2K likes, 477 comments. “Sai come la definisco? Sai come la definisco? ”",477,79198,497048,17123,1,2025-04-01
7490197754690424086,2025-04-06,"4375 likes, 8 comments. Check out camihawke’s video.",8,4375,85146,215,1,2025-04-06
7490928283891125526,2025-04-08,"3817 likes, 14 comments. Check out camihawke’s video.",14,3817,495104,72,1,2025-04-08
7491703746884422934,2025-04-10,"50.1K likes, 276 comments. “Che grande.”",276,50141,606198,1773,1,2025-04-10
7493578348078157078,2025-04-15,"11.8K likes, 46 comments. Check out camihawke’s video.",46,11848,244098,107,1,2025-04-15
7496524203575840022,2025-04-23,"2754 likes, 26 comments. “Manuale di caccia e pesca per ragazze di Melissa Bank”booktok #booktokitalia",26,2754,86853,54,1,2025-04-23
7496891235890744598,2025-04-24,"9515 likes, 38 comments. Check out camihawke’s video.",38,9515,211441,240,1,2025-04-24
7499044164588342530,2025-04-30,"48.3K likes, 219 comments. “#asmr #locum #turkishdelight ”asmr #locum #turkishdelight",219,48347,555607,906,1,2025-04-30
7500168961947077911,2025-05-03,"102.3K likes, 802 comments. “#storytime ”storytime",802,102330,1017680,4371,1,2025-05-03
7506463656830455062,2025-05-20,"10.7K likes, 259 comments. “#xeena #series #iconic ”xeena #series #iconic",259,10693,162691,871,1,2025-05-20
7507614480545762582,2025-05-23,Sbloccata nuova personalità,6,930,25000,4,1,2025-05-23
7510308943365672214,2025-05-30,camihawke's short video with ♬ original sound,7,1314,20100,27,1,2025-05-30
7512105615544651030,2025-06-04,camihawke's short video with ♬ ceilings,17,1976,34400,31,1,2025-06-04
7512483984476065046,2025-06-05,camihawke's short video with ♬ suono originale,431,71400,868800,4584,1,2025-06-05
7513949937877404950,2025-06-09,#storytime #ansia storytime #ansia,143,12300,181800,618,1,2025-06-09
7514367123066588438,2025-06-10,"Questa è la mia Tier list sulle cose stressanti che possono accumularsi nel corso della giornata, in questa performance di endurance che si chiama vita. Sono curiosa di sapere come sarebbe la vostra. Let me know Gli integratori non vanno intesi come sostituti di un’alimentazione varia ed equilibrata e di un corretto stile di vita. Integratore alimentare. Leggere le avvertenze #StressMageddon #SupradynRicaricaNoStress #adv @supradyn_italiastressmageddon #supradynricaricanostress #adv",13,1230,78000,10,1,2025-06-10
7515118418861919510,2025-06-12,#tuttelevolteche #saviano tuttelevolteche #saviano,1,94,1878,0,1,2025-06-12
7515581354071837974,2025-06-13,@Irene Giussani ,9,3164,110700,82,1,2025-06-13
7516548582938365206,2025-06-16,camihawke's short video with ♬ suono originale,68,9384,185800,122,1,2025-06-16
7518056147190910230,2025-06-20,Buon venerdi ,152,25300,272200,1689,1,2025-06-20
7521752629077167382,2025-06-30,camihawke's short video with ♬ suono originale,1149,75600,1100000,3138,1,2025-06-30
7524280593912220950,2025-07-07,camihawke's short video with ♬ Do I Follow the Voices?,20,4524,68400,459,1,2025-07-07
7526659452976532758,2025-07-13,camihawke's short video with ♬ suono originale,79,12600,147100,596,1,2025-07-13
7528368824194731286,2025-07-18,camihawke's short video with ♬ suono originale,99,12000,118000,563,1,2025-07-18
7529150884035595522,2025-07-20,camihawke's short video with ♬ suono originale,26,7732,126800,130,1,2025-07-20
7531078649391385878,2025-07-25,camihawke's short video with ♬ suono originale,65,14800,186500,288,1,2025-07-25
7542923097708514582,2025-08-26,Ciao,60,6669,149200,186,1,2025-08-26
7543293542563597590,2025-08-27,Day2 #dolomiti dolomiti,15,2717,75700,31,1,2025-08-27
7543623596472667414,2025-08-28,camihawke's short video with ♬ suono originale,87,13200,266000,241,1,2025-08-28
7545849617141812502,2025-09-03,camihawke's short video with ♬ suono originale,150,24900,545000,1012,1,2025-09-03
7549217816134634774,2025-09-12,#thesummeriturnedpretty thesummeriturnedpretty,524,11300,228500,2476,1,2025-09-12
7551484989980937494,2025-09-18,"camihawke's short video with ♬ You Needed Love, I Needed You",27,5392,150500,59,1,2025-09-18
7554042569689156886,2025-09-25,camihawke's short video with ♬ original sound,207,54100,570400,1466,1,2025-09-25
7554335463977323798,2025-09-26,camihawke's short video with ♬ suono originale,80,11000,238800,1383,1,2025-09-26
7555517656070212886,2025-09-29,camihawke's short video with ♬ suono originale,46,11000,246900,159,1,2025-09-29
7559523234941570326,2025-10-10,camihawke's short video with ♬ Tu Sei Pazza - Original Mix,29,3081,61800,90,1,2025-10-10
7565847712369757462,2025-10-27,camihawke's short video with ♬ suono originale,480,45500,487300,4896,1,2025-10-27
7567405060687252758,2025-10-31,camihawke's short video with ♬ original sound,15,2194,47800,13,1,2025-10-31
7571168669569420566,2025-11-10,camihawke's short video with ♬ suono originale,48,7638,117300,366,1,2025-11-10
7573001664253185302,2025-11-15,camihawke's short video with ♬ suono originale,14,4505,54300,417,1,2025-11-15
7574377349232282902,2025-11-19,camihawke's short video with ♬ suono originale,37,6646,85300,378,1,2025-11-19
7576029158921309462,2025-11-23,camihawke's short video with ♬ suono originale,4,1798,34300,16,1,2025-11-23
7576639905351224598,2025-11-25,La famosa maionese con le uova montate,63,10700,138500,216,1,2025-11-25
7579667218988829974,2025-12-03,#larp #harrypottertiktok larp #harrypottertiktok,5,1622,43300,15,1,2025-12-03
7580322334351904022,2025-12-05,"Camilla menthal couch é un corso disponibile su tutte le piattaforme di università della vita ed é pensato per tutti e coloro che sono stati gettati tra i lupi e ne sono usciti capobranco. Se avete altri consigli potete scriverli nei commenti, li inserirò nel prossimo corso. @imetec_italia @netflixit #adv #Imetec #CaldoPlaid #StrangerThings adv #imetec #caldoplaid #strangerthings",12,873,26400,41,1,2025-12-05
7580348972653432086,2025-12-05,camihawke's short video with ♬ suono originale,197,22800,278200,1677,1,2025-12-05
7580815862345633046,2025-12-06,camihawke's short video with ♬ Amor de Novo,15,1700,40300,19,1,2025-12-06
7582165640081886486,2025-12-10,#medium medium,10,2843,73300,424,1,2025-12-10
7582214101347077398,2025-12-10,camihawke's short video with ♬ suono originale,28,2681,102600,60,1,2025-12-10
7582331934848601347,2025-12-10,camihawke's short video with ♬ Take 6,26,8113,168900,123,1,2025-12-10
7584475127853616406,2025-12-16,camihawke's short video with ♬ suono originale,25,5868,105500,28,1,2025-12-16
7584881562022415638,2025-12-17,#adv Gettata fra i lupi uscita lampadina grazie al siero viso alla vitamins C di @CeraVe #Skincare #lorealitaliatribe #SkinRenewing adv # #skincare #lorealitaliatribe #skinrenewing,57,6101,3100000,324,1,2025-12-17
7586326498085178647,2025-12-21,camihawke's short video with ♬ L infinità Eduardo De Crescenzo,31,14400,369100,187,1,2025-12-21
7587008115401444630,2025-12-23,*e non dico nulla su Pordenone* ,2276,180200,1900000,7869,1,2025-12-23
7587046484974128406,2025-12-23,Se ti scappa un like per sbaglio c’è un’unica soluzione e te la spiego qui. @sistemaerion #adv adv,7,1551,67600,15,1,2025-12-23
7588588614724914454,2025-12-27,camihawke's short video with ♬ suono originale,30,3530,205900,221,1,2025-12-27
7589655526452038934,2025-12-30,"Questo é il mio 2025 wrapped su un dispositivo sporco di pittura, e il vostro anno come è andato? risp sul mio.  @canva_it #CanvaPartner #adv #canvapartner #adv",36,4360,105400,146,1,2025-12-30
7590666664761363735,2026-01-02,Andale Andale ,77,21400,341600,200,1,2026-01-02
7591525004039245078,2026-01-04,CDMX day 2,14,7069,169200,73,1,2026-01-04
7591936228556033302,2026-01-05,#cittàdelmessico #ristoranti #messico cittàdelmessico #ristoranti #messico,20,6090,164600,209,1,2026-01-05
7592224436439338262,2026-01-06,Oddette vale l’hype che ha? Scopriamolo insieme. ,107,8748,362600,1120,1,2026-01-06
7593456684291378454,2026-01-09,Ho *salito* dandoti il braccio almeno un miliore di scale Maya. ,35,5645,109600,206,1,2026-01-09
7594493367418096898,2026-01-12,Gennaio al caldo è un sogno che cercheró di realizzare ogni volta che potró. ,25,3148,62100,97,1,2026-01-12
7595237953777995031,2026-01-14,Silenzio e pensare solo a cosa magiare a pranzo. ,12,2973,49500,22,1,2026-01-14
7595240026749898006,2026-01-14,Primo post con cui spero di far diventare gli occhialetti un imprescindibile accessorio di moda. ,11,1460,39900,13,1,2026-01-14
7596040168302300438,2026-01-16,Ciao ciao messico. É stato bellissimo! ,10,2223,40600,61,1,2026-01-16
7597097603553152278,2026-01-19,Ci vediamo giovedi su Youtube!  Link al canale:https://www.youtube.com/camihawke ,38,2658,50100,33,1,2026-01-19
7598555455996169494,2026-01-23,"É uscito il primo video su YouTube, trovate il nome in bio. Secondo voi Dario che numero ha fatto col dado?",8,853,26400,7,1,2026-01-23
7599645248301649174,2026-01-26,In questo trend vedo tutti che mettono Frank Ocean però poi quando parte vorrei tutti a gridare CHE IO VIVOOO ATTRAVERSOOO GLI OCCHI TUOIII,16,520,17300,9,1,2026-01-26
7599685408024284419,2026-01-26,"Io per una vita ho collezionato: tartarughine (finte), tessere telefoniche (blast from the past), primissime carte Pokemon purtroppo perse anni e anni fa. Voi? ",45,2244,53000,37,1,2026-01-26
7600380414548708630,2026-01-28,+ un libro bello letto da mettere sullo scaffale della libreria. ,7,215,11200,2,1,2026-01-28
7600439320796744963,2026-01-28,Reclamizzo di vero cuore questo evento o prodotto. ,79,2592,79200,51,1,2026-01-28
7601164299821731094,2026-01-30,Quando invece di fare quello che dovresti fare inizi ad appendere quadretti. ,21,1980,52900,50,1,2026-01-30
7601185028998991127,2026-01-30,COSE DI CUI NON MI FREGA UN CAXXO: una tierlist.  (Il video intero lo trovate sul mio canale YouTube camihawke🤍) #tierlist tierlist,15,1427,57600,31,1,2026-01-30
7601952496956755222,2026-02-01,Buona domenica 🌸,25,4441,150800,92,1,2026-02-01
7602266518340029718,2026-02-02,La pizza col prosciutto crudo per me è atroce sorry not sorry ,36,1540,90700,25,1,2026-02-02
7603081803338894614,2026-02-04,Prevedo querele ,992,67000,1000000,3189,1,2026-02-04
7603746820531195138,2026-02-06,La cosa più millennial che vedrete oggi  ,5,1067,27400,21,1,2026-02-06
7603827520101797142,2026-02-06,Si intitola mi manchi e fa così ,73,38700,368900,2074,1,2026-02-06
7604100442083052822,2026-02-07,Scusa Superman ma i supereroi non sono mai stati il mio core. ,85,7446,107200,201,1,2026-02-07
7604901831415762198,2026-02-09,camihawke's short video with ♬ audio originale,168,8831,97600,639,1,2026-02-09
7605641357021007126,2026-02-11,Credo di avere una laurea magistrale in gelati nominatemente uno lo conosco,276,14000,217900,456,1,2026-02-11
7605971469570428182,2026-02-12,Si parla di personaggi dei libri di HP che sono stati tagliati nei film. La tier list completa la trovate sul mio canale YouTube♥️ Grazie @Caleel ⚡️⚡️ #harrypotter  #harrypotter,8,433,21100,11,1,2026-02-12
7607469239368207638,2026-02-16,Seguitemi per la parte 2! ,210,24000,198600,918,1,2026-02-16
7607905278972939542,2026-02-17,Ciao ciao 🫶🏻,42,2631,103400,29,1,2026-02-17
7608617358214614294,2026-02-19,"Ho risposto a un po’ di domande che mi avete fatto, il video completo è su YouTube. ❤️",45,9760,161500,276,1,2026-02-19
7609037034547612950,2026-02-20,Si scherza amici maschi vvb,0,288,3198,6,1,2026-02-20
7609040388619324694,2026-02-20,Tutto ok. ,125,10400,577500,367,1,2026-02-20
7609737521177578774,2026-02-22,"Alla domanda se mi hanno fatto mai pesare di non avere ancora figli ho detto sì, e credo che nel 2026 far coincidere ancora l’idea di realizzazione di una donna con la sua sola maternità sia veramente imbarazzante. Amo i bambini e desidererei averne, ma ora sono felice così, perché la mia vita è già piena. Quando e se sarà, sarò felicissima, se non sarà, saró lo stesso felicissima. Queste per me sono le basi per una famiglia felice. (NB La famiglia, poi, non è solo quella composta da genitori e figli, vi prego, non siamo nel medioevo).",251,52300,547600,1121,1,2026-02-22
7611471973259988246,2026-02-27,Tierlist: chi vorremmo come compagno naufrago su un’isola deserta. Ci siamo pentiti di molte posizioni abbiamo scoperto dei talenti nascosti nella sopravvivenza. Video intero sul mio canale YouTube. #sanremo2026 sanremo2026,2,330,21600,4,1,2026-02-27
7611938406188272899,2026-02-28,Merenda✨ #tasting #dashi tasting #dashi,60,7897,185400,311,1,2026-02-28
7613010918338727190,2026-03-03,Il pericolo è il mio mestiere.,29,4277,76100,67,1,2026-03-03
7613475289858919702,2026-03-04,"✨ho ceduto ai corsetti, grazie TikTok✨",155,18600,344000,909,1,2026-03-04
7614849128052329750,2026-03-08,"Con Marra abbiamo parlato del giudizio, il video completo è su YouTube. ",2,488,19600,2,1,2026-03-08
7615951444910427414,2026-03-11,ADESSO PARLO IO. ,83,7411,99200,195,1,2026-03-11
7616019855354989846,2026-03-11,Informatevi e andate a votare!,356,21200,268600,1091,1,2026-03-11
7616438580004637974,2026-03-12,"Uscito nuovo video su YouTube, amo questo gioco. @hanna.raponi @Francesco Posa @Guglielmo Scilla  # #",6,1415,25300,8,1,2026-03-12
7618582897959783702,2026-03-18,Quando si sbaglia è giusto riconoscerlo. ,68,7638,79300,1204,1,2026-03-18
7618932711046040854,2026-03-19,Prodotti carini e dove trovarli #gifted ,5,737,14600,5,1,2026-03-19
